mll12,mll13,mll23,ptll12,ptll13,ptll23,met_et,mtw1,mtw2,mtw3,lep1_pt,lep1_eta,lep1_E,lep1_phi,lep1_ch,lep1_ID,lep2_pt,lep2_eta,lep2_E,lep2_phi,lep2_ch,lep2_ID,lep3_pt,lep3_eta,lep3_E,lep3_phi,lep3_ch,lep3_ID,weight
22.165,41.9668,43.1832,62.1585,40.6116,23.7402,22.9728,56.6421,50.7707,23.408,36.2036,1.88757,122.273,0.597685,-1,13,28.2249,2.33064,146.512,1.1344,1,11,21.0485,2.30184,106.217,-1.04169,1,13,0.916458
